INSERT INTO genre  (genre_id, genre_name)
values
(1, 'psytrance'),
(2, 'electronic'),
(3, 'digital hardcore'),
(4, 'pop'),
(5, 'psychedelic'),
(6, 'electro'),
(7, 'blues rock'),
(8, 'Drum and bass'),
(9, 'russian'),
(10, '8-bit'),
(11, 'industrial'),
(12, 'power violence'),
(13, 'dance'),
(14, 'new rave'),
(15, 'classic rock'),
(16, 'punk'),
(17, 'swedish'),
(18, 'minimal'),
(19, 'rock'),
(20, 'indie rock'),
(21, 'british'),
(22, 'Psychedelic Rock'),
(23, 'industrial jungle pussy punk'),
(24, 'indie'),
(25, 'on wave'),
(26, '90s'),
(27, 'industrial rock'),
(28, 'breakcore'),
(29, '60s'),
(30, 'seen live'),
(31, 'trap'),
(32, 'indie pop'),
(33, 'Hip-Hop'),
(34, 'House'),
(35, 'trance'),
(36, 'Grunge'),
(37, 'dnb'),
(38, 'coldwave'),
(39, 'french'),
(40, 'goa'),
(41, 'new york'),
(42, 'Progressive House'),
(43, 'alternative rock'),
(44, 'USA'),
(45, 'Hardclash'),
(46, 'experimental'),
(47, 'powerviolence'),
(48, 'alternative'),
(49, 'ebm'),
(50, 'american'),
(51, 'industrial metal'),
(52, 'australian'),
(53, 'noisecore'),
(54, 'electronica'),
(55, 'Drum n Bass'),
(56, 'dubstep'),
(57, 'Garage Rock'),
(58, 'Synth-pop'),
(59, 'psychedelic pop');

insert into artist (artist_id, artist_name)
values
(1, 'Gorillaz'),
(2, 'deadmau5'),
(4, 'Infected Mushroom'),
(5, 'Skrillex'),
(6, 'Mindless Self Indulgence'),
(8, 'Royal Blood'),
(9, 'MISSIO'),
(10, 'Unlike Pluto'),
(11, 'Tame Impala'),
(12, 'Bondage Fairies'),
(13, 'The Beatles'),
(14, 'Pendulum'),
(16, 'Arctic Monkeys'),
(17, 'Nirvana'),
(18, 'twenty one pilots'),
(19, 'LOA LOA'),
(20, 'Rabbit Junk'),
(22, 'Apashe'),
(23, 'Crystal Castles'),
(25, '8 Graves'),
(26, 'Two Feet'),
(27, 'The Neighbourhood'),
(28, 'Cyanotic'),
(29, 'Justice'),
(30, 'On Wave'),
(31, 'MGMT');

insert into artist_genre (artist_id, genre_id)
values
(1, 48),
(1, 2),
(1, 33),
(1, 19),
(1, 24),
(2, 34),
(2, 2),
(2, 42),
(2, 6),
(2, 18),
(4, 1),
(4, 2),
(4, 5),
(4, 35),
(4, 40),
(5, 56),
(5, 2),
(5, 28),
(5, 6),
(5, 54),
(6, 11),
(6, 23),
(6, 16),
(6, 2),
(6, 48),
(8, 19),
(8, 43),
(8, 57),
(8, 30),
(8, 7),
(9, 2),
(9, 48),
(9, 50),
(9, 43),
(9, 54),
(10, 2),
(10, 56),
(10, 34),
(10, 4),
(10, 19),
(11, 22),
(11, 5),
(11, 20),
(11, 30),
(11, 52),
(12, 10),
(12, 2),
(12, 46),
(12, 16),
(12, 17),
(13, 15),
(13, 19),
(13, 21),
(13, 29),
(13, 4),
(14, 8),
(14, 2),
(14, 55),
(14, 37),
(14, 30),
(16, 20),
(16, 24),
(16, 21),
(16, 19),
(16, 48),
(17, 36),
(17, 19),
(17, 48),
(17, 43),
(17, 26),
(18, 2),
(18, 48),
(18, 24),
(18, 32),
(18, 30),
(19, 12),
(19, 53),
(19, 47),
(19, 46),
(19, 9),
(20, 3),
(20, 11),
(20, 51),
(20, 45),
(20, 2),
(22, 56),
(22, 31),
(22, 2),
(22, 30),
(22, 13),
(23, 2),
(23, 10),
(23, 14),
(23, 6),
(23, 30),
(25, 2),
(25, 48),
(25, 41),
(25, 44),
(25, 50),
(26, 24),
(26, 7),
(26, 2),
(26, 50),
(26, 48),
(27, 24),
(27, 20),
(27, 32),
(27, 19),
(27, 30),
(28, 11),
(28, 51),
(28, 38),
(28, 27),
(28, 49),
(29, 2),
(29, 6),
(29, 39),
(29, 13),
(29, 30),
(30, 24),
(30, 20),
(30, 48),
(30, 25),
(30, 43),
(31, 58),
(31, 59);

insert into album (album_id, album_year, album_name)
values 
(1, 2022, 'Demon Days'),
(2, 2022, 'Gorillaz'),
(3, 2022, 'Plastic Beach'),
(4, 2022, 'Humanz (Deluxe)'),
(5, 2022, 'D-Sides'),
(6, 2022, 'The Now Now'),
(7, 2011, 'For Lack of a Better Name'),
(8, 2013, '4x4=12'),
(9, 2009, 'Strobe'),
(10, 2013, '> album title goes here <'),
(11, 2012, 'Get Scraped'),
(12, 2021, 'Vicious Delicious'),
(13, 2013, 'Converting Vegetarians'),
(14, 2013, 'IM the Supervisor'),
(15, 2013, 'Legend Of The Black Shawarma'),
(16, 2014, 'Army of Mushrooms'),
(17, 2013, 'Classical Mushroom'),
(18, 2013, 'The Gathering'),
(19, 2011, 'Bangarang EP'),
(20, 2012, 'Scary Monsters and Nice Sprites'),
(21, 2014, 'Recess'),
(22, 2020, 'If'),
(23, 2021, 'You''ll Rebel To Anything'),
(24, 2021, 'Frankenstein Girls Will Seem Strangely Sexy'),
(25, 2021, 'You''ll Rebel To Anything (Expanded and Remastered)'),
(26, 2021, 'Tighter'),
(27, 2021, 'Tight'),
(28, 2013, 'How I Learned to Stop Giving a Shit and Love Mindless Self I'),
(29, 2021, 'Royal Blood'),
(30, 2021, 'How Did We Get So Dark?'),
(31, 2021, 'Typhoons'),
(32, 2022, 'LONER'),
(33, 2022, 'Currents'),
(34, 2013, 'Lonerism'),
(35, 2020, 'The Slow Rush'),
(36, 2023, 'Innerspeaker'),
(37, 2010, 'Tame Impala'),
(38, 2022, 'Abbey Road (Remastered)'),
(39, 2012, 'Abbey Road'),
(40, 2022, 'Sgt. Pepper''s Lonely Hearts Club Band'),
(41, 2013, 'Revolver'),
(42, 2021, 'The Beatles (Remastered)'),
(43, 2021, '1 (Remastered)'),
(44, 2009, 'Rubber Soul'),
(45, 2009, 'In Silico'),
(46, 2012, 'Hold Your Colour'),
(47, 2010, 'Immersion'),
(48, 2010, 'Watercolour'),
(49, 2020, 'Live At Brixton Academy'),
(50, 2022, 'Whatever People Say I Am, That''s What I''m Not'),
(51, 2009, 'Favourite Worst Nightmare'),
(52, 2022, 'AM'),
(53, 2022, 'Humbug'),
(54, 2022, 'Suck It and See'),
(55, 2022, 'Favourite Worst Nightmare (Standard Version)'),
(56, 2014, 'Leave Before the Lights Come On'),
(57, 2022, 'Nevermind'),
(58, 2012, 'MTV Unplugged in New York'),
(59, 2012, 'Nirvana'),
(60, 2022, 'In Utero'),
(61, 2022, 'Nevermind (Remastered)'),
(62, 2012, 'Bleach'),
(63, 2023, 'Blurryface'),
(64, 2015, 'Vessel'),
(65, 2016, 'Heathens'),
(66, 2022, 'Trench'),
(67, 2022, 'Scaled and Icy'),
(68, 2022, 'Twenty One Pilots'),
(69, 2020, 'Level of Concern'),
(70, 2021, 'Crystal Castles'),
(71, 2021, '(III)'),
(72, 2021, '(II)'),
(73, 2010, 'Crystal Castles (II)'),
(74, 2017, 'Amnesty (I)'),
(75, 2015, 'Not In Love feat. Robert Smith'),
(76, 2022, 'I Love You.'),
(77, 2022, 'Wiped Out!'),
(78, 2022, 'Hard to Imagine the Neighbourhood Ever Changing'),
(79, 2013, 'I''m Sorry...'),
(80, 2022, 'Chip Chrome & The Mono-Tones'),
(81, 2020, '#000000 & #FFFFFF'),
(82, 2021, 'Cross'),
(83, 2021, 'Justice'),
(84, 2021, 'Audio, Video, Disco.'),
(85, 2012, 'A Cross The Universe'),
(86, 2019, '†'),
(87, 2021, 'Woman'),
(88, 2010, 'Bunt'),
(89, 2018, 'Little Dark Age');

insert into artist_album (artist_id, album_id)
values 
(1, 1),
(1, 2),
(1, 3),
(1, 4),
(1, 5),
(1, 6),
(2, 7),
(2, 8),
(2, 9),
(2, 10),
(2, 11),
(4, 12),
(4, 13),
(4, 14),
(4, 15),
(4, 16),
(4, 17),
(4, 18),
(5, 19),
(5, 20),
(5, 21),
(6, 22),
(6, 23),
(6, 24),
(6, 25),
(6, 26),
(6, 27),
(6, 28),
(8, 29),
(8, 30),
(8, 31),
(9, 32),
(11, 33),
(11, 34),
(11, 35),
(11, 36),
(11, 37),
(13, 38),
(13, 39),
(13, 40),
(13, 41),
(13, 42),
(13, 43),
(13, 44),
(14, 45),
(14, 46),
(14, 47),
(14, 48),
(14, 49),
(16, 50),
(16, 51),
(16, 52),
(16, 53),
(16, 54),
(16, 55),
(16, 56),
(17, 57),
(17, 58),
(17, 59),
(17, 60),
(17, 61),
(17, 62),
(18, 63),
(18, 64),
(18, 65),
(18, 66),
(18, 67),
(18, 68),
(18, 69),
(23, 70),
(23, 71),
(23, 72),
(23, 73),
(23, 74),
(23, 75),
(27, 76),
(27, 77),
(27, 78),
(27, 79),
(27, 80),
(27, 81),
(29, 82),
(29, 83),
(29, 84),
(29, 85),
(29, 86),
(29, 87),
(30, 88),
(31, 89);

insert into track (track_id, track_name, duration, album_id)
values 
(1, 'Intro', 63, 1),
(2, 'Last Living Souls', 197, 1),
(3, 'Kids With Guns', 280, 1),
(4, 'O Green World', 271, 1),
(5, 'Dirty Harry', 230, 1),
(6, 'Feel Good Inc.', 222, 1),
(7, 'El Mañana', 242, 1),
(8, 'Every Planet We Reach Is Dead', 227, 1),
(9, 'November Has Come', 165, 1),
(10, 'All Alone', 210, 1),
(11, 'White Light', 128, 1),
(12, 'DARE', 244, 1),
(13, 'Fire Coming Out of the Monkey''s Head', 196, 1),
(14, 'Don''t Get Lost in Heaven', 141, 1),
(15, 'Demon Days', 354, 1),
(16, 'Re-Hash', 248, 2),
(17, '5/4', 219, 2),
(18, 'Tomorrow Comes Today', 200, 2),
(19, 'New Genious (Brother)', 239, 2),
(20, 'Clint Eastwood', 349, 2),
(21, 'Man Research (Clapper)', 272, 2),
(22, 'Punk', 106, 2),
(23, 'Sound Check (Gravity)', 282, 2),
(24, 'Double Bass', 286, 2),
(25, '19-2000', 230, 2),
(26, 'Latin Simone (Que Pasa Contigo)', 218, 2),
(27, 'Starshine', 280, 2),
(28, 'Slow Country', 235, 2),
(29, 'M1 A1', 251, 2),
(30, 'Clint Eastwood (Ed Case/Sweetie Irie Refix) [Edit]', 221, 2),
(31, 'Orchestral Intro', 69, 3),
(32, 'Welcome to the World of the Plastic Beach', 219, 3),
(33, 'White Flag', 228, 3),
(34, 'Rhinestone Eyes', 203, 3),
(35, 'Stylo', 275, 3),
(36, 'Superfast Jellyfish', 172, 3),
(37, 'Empire Ants', 287, 3),
(38, 'Glitter Freeze', 243, 3),
(39, 'Some Kind of Nature', 183, 3),
(40, 'On Melancholy Hill', 249, 3),
(41, 'Broken', 202, 3),
(42, 'Sweepstakes', 320, 3),
(43, 'Plastic Beach', 241, 3),
(44, 'To Binge', 236, 3),
(45, 'Cloud of Unknowing', 241, 3),
(46, 'Pirate Jet', 160, 3),
(47, 'Ascension (feat. Vince Staples)', 155, 4),
(48, 'Strobelite (feat. Peven Everett)', 204, 4),
(49, 'Saturnz Barz (feat. Popcaan)', 181, 4),
(50, 'Momentz (feat. De La Soul)', 196, 4),
(51, 'Submission (feat. Danny Brown & Kelela)', 201, 4),
(52, 'Charger (feat. Grace Jones)', 214, 4),
(53, 'Andromeda (feat. D.R.A.M.)', 197, 4),
(54, 'Carnival (feat. Anthony Hamilton)', 135, 4),
(55, 'Let Me Out (feat. Mavis Staples & Pusha T)', 175, 4),
(56, 'Sex Murder Party (feat. Jamie Principle & Zebra Katz)', 259, 4),
(57, 'She''s My Collar (feat. Kali Uchis)', 209, 4),
(58, 'Hallelujah Money (feat. Benjamin Clementine)', 263, 4),
(59, 'We Got The Power (feat. Jehnny Beth)', 137, 4),
(60, 'Interlude: New World', 83, 4),
(61, 'The Apprentice (feat. Rag''n''Bone Man, Zebra Katz & RAY BLK', 234, 4),
(62, 'Halfway To The Halfway House (feat. Peven Everett)', 237, 4),
(63, 'Out Of Body (feat. Kilo Kish, Zebra Katz & Imani Vonshà)', 224, 4),
(64, 'Ticker Tape (feat. Carly Simon & Kali Uchis)', 268, 4),
(65, 'Circle Of Friendz (feat. Brandon Markell Holmes)', 129, 4),
(66, '68 State', 285, 5),
(67, 'People', 206, 5),
(68, 'Hongkongaton', 211, 5),
(69, 'We Are Happy Landfill', 217, 5),
(70, 'Hong Kong', 434, 5),
(71, 'Highway (Under Construction)', 258, 5),
(72, 'Rockit', 214, 5),
(73, 'Bill Murray', 474, 5),
(74, 'The Swagga', 296, 5),
(75, 'Murdoc Is God', 145, 5),
(76, 'Spitting out the Demons', 308, 5),
(77, 'Don''t Get Lost in Heaven (Original Demo Version)', 149, 5),
(78, 'Stop the Dams', 337, 5),
(79, 'DARE (DFA Remix)', 732, 5),
(80, 'Feel Good Inc (Stanton Warriors Remix)', 442, 5),
(81, 'Kids With Guns (Jamie T''s Turns to Monsters mix)', 260, 5),
(82, 'DARE (Soulwax Remix)', 102, 5),
(83, 'Kids With Guns (Hot Chip Remix)', 427, 5),
(84, 'El Manana (Metronomy Remix)', 343, 5),
(85, 'DARE (Junior Sanchez Remix)', 325, 5),
(86, 'Dirty Harry (Schtung Chinese New Year Remix)', 231, 5),
(87, 'Kids With Guns (Quiet Village Remix)', 607, 5),
(88, 'Humility (feat. George Benson)', 197, 6),
(89, 'Tranz', 164, 6),
(90, 'Hollywood (feat. Snoop Dogg & Jamie Principle)', 293, 6),
(91, 'Sorcererz', 180, 6),
(92, 'Lake Zurich', 260, 6),
(93, 'Fire Flies', 264, 6),
(94, 'Souk Eye', 299, 6),
(95, 'FML', 401, 7),
(96, 'Moar Ghosts ''n'' Stuff', 124, 7),
(97, 'Ghosts N'' Stuff', 195, 7),
(98, 'Hi Friend!', 315, 7),
(99, 'Bot', 396, 7),
(100, 'Word Problems', 509, 7),
(101, 'Soma', 382, 7),
(102, 'Lack of a Better Name', 418, 7),
(103, 'The 16th Hour', 570, 7),
(104, '4x4=12 (Continuous Mix)', 4194, 8),
(105, 'Some Chords', 415, 8),
(106, 'Sofi Needs A Ladder', 326, 8),
(107, 'A City in Florida', 340, 8),
(108, 'Bad Selection', 333, 8),
(109, 'Animal Rights', 299, 8),
(110, 'I Said (Michael Woods Remix)', 352, 8),
(111, 'Cthulhu Sleeps', 599, 8),
(112, 'Right This Second', 410, 8),
(113, 'Raise Your Weapon', 495, 8),
(114, 'One Trick Pony', 216, 8),
(115, 'Everything Before', 396, 8),
(116, 'Strobe (Radio Edit)', 216, 9),
(117, 'Strobe (Club Edit)', 379, 9),
(118, 'Strobe (Plump DJs Remix)', 342, 9),
(119, 'Strobe (DJ Marky & S.P.Y. Remix)', 433, 9),
(120, 'Strobe (Full Length Version)', 614, 9),
(121, 'Superliminal', 345, 10),
(122, 'Channel 42', 288, 10),
(123, 'Fn Pig', 227, 10),
(124, 'Maths', 223, 10),
(125, 'There Might Be Coffee', 181, 10),
(126, 'Take Care of the Proper Paperwork', 433, 10),
(127, 'Closer', 308, 10),
(128, 'October', 430, 10),
(129, 'Sleepless', 246, 10),
(130, 'Failbait', 289, 10),
(131, 'Telemiscommunications', 241, 10),
(132, 'The Oshawa Connection', 234, 11),
(133, 'Intelstat', 410, 11),
(134, 'Careless', 419, 11),
(135, 'Unspecial Effects', 195, 11),
(136, 'Waking Up From The American Dream', 382, 11),
(137, 'I Forget', 158, 11),
(138, 'Try Again', 172, 11),
(139, '8bit', 283, 11),
(140, 'Overdraft', 269, 11),
(141, 'Bored Of Canada', 114, 11),
(142, 'Support', 250, 11),
(143, 'Edit Your Friends', 220, 11),
(144, 'Satisfaction', 274, 11),
(145, 'Sometimes I Fail', 216, 11),
(146, 'Careless (Acoustic)', 297, 11),
(147, 'Becoming Insane', 195, 12),
(148, 'Artillery', 271, 12),
(149, 'Vicious Delicious', 444, 12),
(150, 'Heavyweight', 521, 12),
(151, 'Suliman', 370, 12),
(152, 'Forgive Me', 209, 12),
(153, 'Special Place', 413, 12),
(154, 'In Front of Me', 268, 12),
(155, 'Eat It Raw', 390, 12),
(156, 'Before', 417, 12),
(157, 'Albibeno', 421, 13),
(158, 'Hush Mail', 418, 13),
(159, 'Apogiffa Night', 485, 13),
(160, 'Song Pong', 513, 13),
(161, 'Chaplin', 412, 13),
(162, 'Echonomix', 459, 13),
(163, 'Scorpion Frog', 475, 13),
(164, 'Semi Nice', 366, 13),
(165, 'Yanko Pitch', 492, 13),
(166, 'Converting Vegetarians', 339, 13),
(167, 'Elation Station', 335, 13),
(168, 'Drop Out', 314, 13),
(169, 'Avratz', 623, 13),
(170, 'Blink', 332, 13),
(171, 'Shakawkaw', 248, 13),
(172, 'Pletzturra', 404, 13),
(173, 'I Wish', 180, 13),
(174, 'Ballerium', 437, 13),
(175, 'Selecta', 321, 13),
(176, 'Illuminaughty', 290, 13),
(177, 'Jeenge', 422, 13),
(178, 'Elevation', 315, 13),
(179, 'IM the Supervisor', 514, 14),
(180, 'Ratio Shmatio', 389, 14),
(181, 'Muse Breaks (Remix)', 429, 14),
(182, 'Meduzz', 402, 14),
(183, 'Cities of the Future', 228, 14),
(184, 'Horus The Chorus', 460, 14),
(185, 'Frog Machine', 371, 14),
(186, 'Noon', 368, 14),
(187, 'Bombat', 498, 14),
(188, 'Stretched', 442, 14),
(189, 'Poquito Mas', 219, 15),
(190, 'Saeed', 423, 15),
(191, 'End of the Road', 407, 15),
(192, 'Smashing the Opponent', 250, 15),
(193, 'Can''t Stop', 443, 15),
(194, 'Herbert The Pervert', 437, 15),
(195, 'Killing Time', 184, 15),
(196, 'Project 100', 578, 15),
(197, 'Franks', 485, 15),
(198, 'Slowly', 540, 15),
(199, 'The Legend Of The Black Shawarma', 431, 15),
(200, 'Riders On The Storm (Infected Mushroom Remix)', 269, 15),
(201, 'Never Mind', 365, 16),
(202, 'Nothing to Say', 388, 16),
(203, 'Send Me An Angel', 445, 16),
(204, 'The Rat', 454, 16),
(205, 'Nation of Wusses', 422, 16),
(206, 'Wanted to', 204, 16),
(207, 'Serve My Thirst', 406, 16),
(208, 'I Shine', 343, 16),
(209, 'Drum N Bassa', 432, 16),
(210, 'The Pretender', 388, 16),
(211, 'The Messenger 2012', 638, 16),
(212, 'Bust A Move', 501, 17),
(213, 'None Of This Is Real', 382, 17),
(214, 'Sailing In The Sea Of Mushroom', 498, 17),
(215, 'The Shen', 513, 17),
(216, 'Disco Mushroom', 526, 17),
(217, 'Dracul', 480, 17),
(218, 'Nothing Comes Easy', 446, 17),
(219, 'Mush Mushi', 456, 17),
(220, 'The Missed Symphony', 626, 17),
(221, 'Release Me', 508, 18),
(222, 'The Gathering', 463, 18),
(223, 'Return Of The Shadows', 499, 18),
(224, 'Blue Muppet', 488, 18),
(225, 'Psycho', 518, 18),
(226, 'Montoya Rms', 500, 18),
(227, 'Tommy The Bat', 449, 18),
(228, 'Virtual Voyage', 504, 18),
(229, 'Over Mode', 525, 18),
(230, 'Right In', 180, 19),
(231, 'Bangarang - feat. Sirah', 215, 19),
(232, 'The Devil''s Den', 292, 19),
(233, 'Right on Time', 245, 19),
(234, 'Kyoto (feat. Sirah)', 200, 19),
(235, 'Summit (feat. Ellie Goulding)', 373, 19),
(236, 'Skrillex Orchestral Suite By Varien - Bonus Track', 415, 19),
(237, 'Rock N'' Roll (Will Take You to the Mountain)', 255, 20),
(238, 'Scary Monsters and Nice Sprites', 245, 20),
(239, 'All I Ask of You', 340, 20),
(240, 'Scatta', 236, 20),
(241, 'With You, Friends [Long Drive]', 389, 20),
(242, 'Kill Everybody - Bare Noize Remix', 281, 20),
(243, 'All Is Fair In Love And Brostep', 248, 21),
(244, 'Recess', 237, 21),
(245, 'Stranger', 289, 21),
(246, 'Try It Out', 229, 21),
(247, 'Coast Is Clear', 243, 21),
(248, 'Dirty Vibe', 206, 21),
(249, 'Ragga Bomb', 258, 21),
(250, 'Doompy Poomp', 205, 21),
(251, 'Fuck That', 230, 21),
(252, 'Ease My Mind', 302, 21),
(253, 'Fire Away', 342, 21),
(254, 'Never Wanted to Dance', 192, 22),
(255, 'Evening Wear', 212, 22),
(256, 'Lights Out', 157, 22),
(257, 'Prescription', 185, 22),
(258, 'Issues', 184, 22),
(259, 'Get It Up', 155, 22),
(260, 'Revenge', 188, 22),
(261, 'Animal', 194, 22),
(262, 'Mastermind', 179, 22),
(263, 'On It', 266, 22),
(264, 'Pay For It', 213, 22),
(265, 'Due', 130, 22),
(266, 'Money', 173, 22),
(267, 'Bomb This Track', 200, 22),
(268, 'Mark David Chapman', 194, 22),
(269, 'Uncle', 175, 22),
(270, '3S''', 150, 22),
(271, 'Never Wanted to Dance - Electro Hurtz (Combichrist Mix)', 211, 22),
(272, 'Never Wanted to Dance - The Birthday Massacre With Guest Voc', 292, 22),
(273, 'Never Wanted to Dance - Tommie Sunshine (Remix)', 431, 22),
(274, 'Never Wanted to Dance - Spider''s Dub Mix (Remix)', 472, 22),
(275, 'Shut Me Up', 196, 23),
(276, '1989', 118, 23),
(277, 'Straight to Video', 224, 23),
(278, 'Tom Sawyer', 144, 23),
(279, 'You''ll Rebel To Anything', 152, 23),
(280, 'What Do They Know?', 188, 23),
(281, 'Stupid MF', 145, 23),
(282, '2 Hookers And An 8 Ball', 137, 23),
(283, 'Prom', 148, 23),
(284, 'Bullshit', 162, 23),
(285, 'Backmask (Warning)', 181, 24),
(286, 'Bitches', 162, 24),
(287, 'Boomin''', 81, 24),
(288, 'Clarissa', 115, 24),
(289, 'Cocaine and Toupees', 110, 24),
(290, 'Dicks Are for My Friends', 73, 24),
(291, 'F', 11, 24),
(292, 'Faggot', 164, 24),
(293, 'Futures', 84, 24),
(294, 'Golden I', 125, 24),
(295, 'Harry Truman', 97, 24),
(296, 'Holy Shit', 103, 24),
(297, 'I Hate Jimmy Page', 214, 24),
(298, 'I''m Your Problem Now', 114, 24),
(299, 'J', 22, 24),
(300, 'Keepin'' Up With the Kids', 103, 24),
(301, 'Kick the Bucket', 103, 24),
(302, 'Kill the Rock', 122, 24),
(303, 'Last Time I Tried to Rock Your World', 105, 24),
(304, 'London Bridge', 109, 24),
(305, 'M', 12, 24),
(306, 'Masturbates', 167, 24),
(307, 'Planet of the Apes', 137, 24),
(308, 'Played', 124, 24),
(309, 'Ready for Love', 127, 24),
(310, 'Royally Fucked', 110, 24),
(311, 'Seven-Eleven', 91, 24),
(312, 'Step Up Ghetto Blaster', 141, 24),
(313, 'Whipstickagostop', 156, 24),
(314, 'Z', 52, 24),
(315, 'Shut Me Up', 196, 25),
(316, 'Stupid MF', 145, 25),
(317, 'Straight to Video', 224, 25),
(318, 'What Do They Know?', 188, 25),
(319, '2 Hookers And An 8 Ball', 137, 25),
(320, 'Prom', 148, 25),
(321, 'Bullshit', 162, 25),
(322, 'Tom Sawyer', 144, 25),
(323, '1989', 118, 25),
(324, 'You''ll Rebel To Anything', 152, 25),
(325, 'Mic Commander', 124, 25),
(326, 'La-Di Da-Di', 229, 25),
(327, 'Make Me Cum (Demo)', 170, 25),
(328, 'Wack! (live)', 154, 25),
(329, 'Grab the Mic', 80, 26),
(330, 'Bring The Pain', 219, 26),
(331, 'Mindless Self Indulgence', 21, 26),
(332, 'Tight', 167, 26),
(333, 'Diabolical', 103, 26),
(334, 'Molly', 105, 26),
(335, 'Tornado', 114, 26),
(336, 'Daddy', 80, 26),
(337, 'Pussy All Night', 142, 26),
(338, 'Apple Country', 67, 26),
(339, 'Dickface', 127, 26),
(340, 'Bite Your Rhymes', 158, 26),
(341, 'Tornado (Live at CBGB)', 119, 26),
(342, 'Ecnegludni Fles Sseldnim', 18, 26),
(343, 'JX-47', 215, 26),
(344, 'Shnooze (Previously Unreleased)', 9, 26),
(345, 'Cake (Previously Unreleased)', 85, 26),
(346, 'I Hate Everyone (Previously Unreleased)', 63, 26),
(347, 'If I Only Didn''t Want to F the Ones Who Didnt Want to F Me', 101, 26),
(348, 'Agents (Previously Unreleased)', 18, 26),
(349, 'Bring The Pain (New Wave) (Previously Unreleased)', 255, 26),
(350, 'Tornado (Previously Unreleased (Cassingle Version))', 137, 26),
(351, 'This Isn''t Good (Previously Unreleased)', 117, 26),
(352, 'Dickface Demo (Previously Unreleased)', 116, 26),
(353, 'Tight 8-Bit (Previously Unreleased)', 160, 26),
(354, 'I Think I Turned 22 (Previously Unreleased)', 83, 26),
(355, 'Free As A Birdie (Previously Unreleased)', 98, 26),
(356, 'Grab the Mic', 80, 27),
(357, 'Bring The Pain', 219, 27),
(358, 'Mindless Self Indulgence', 21, 27),
(359, 'Tight', 167, 27),
(360, 'Diabolical', 103, 27),
(361, 'Molly', 105, 27),
(362, 'Tornado', 114, 27),
(363, 'Daddy', 80, 27),
(364, 'Pussy All Night', 142, 27),
(365, 'Apple Country', 67, 27),
(366, 'Dickface', 127, 27),
(367, 'Bite Your Rhymes', 158, 27),
(368, 'Hail Satan! (Live)', 117, 27),
(369, 'Ecnegludni Fles Sseldnim / JX-47', 406, 27),
(370, 'Witness', 197, 28),
(371, 'Fuck Machine', 204, 28),
(372, 'It Gets Worse', 176, 28),
(373, 'I Want to Be Black', 130, 28),
(374, 'Hey Tomorrow Fuck You and Your Friend Yesterday', 160, 28),
(375, 'You''re No Fun Anymore Mark Trezona', 173, 28),
(376, 'Ala Mode', 152, 28),
(377, 'Casio', 134, 28),
(378, 'Anonymous', 123, 28),
(379, 'Kill You All in a Hip Hop Rage', 149, 28),
(380, 'Stalkers (Slit My Wrists)', 159, 28),
(381, 'Jack You Up', 214, 28),
(382, 'Ass Backwards', 167, 28),
(383, 'Sex for Homework', 194, 28),
(384, 'Come on Over', 171, 29),
(385, 'Figure It Out', 184, 29),
(386, 'You Can Be So Cruel', 164, 29),
(387, 'Blood Hands', 187, 29),
(388, 'Little Monster', 213, 29),
(389, 'Loose Change', 155, 29),
(390, 'Careless', 201, 29),
(391, 'Ten Tonne Skeleton', 187, 29),
(392, 'Better Strangers', 252, 29),
(393, 'How Did We Get So Dark?', 198, 30),
(394, 'Lights Out', 237, 30),
(395, 'I Only Lie When I Love You', 169, 30),
(396, 'She''s Creeping', 203, 30),
(397, 'Look Like You Know', 185, 30),
(398, 'Where Are You Now?', 167, 30),
(399, 'Don''t Tell', 218, 30),
(400, 'Hook, Line & Sinker', 207, 30),
(401, 'Hole in Your Heart', 226, 30),
(402, 'Sleep', 257, 30),
(403, 'Oblivion', 161, 31),
(404, 'Animal', 210, 32),
(405, 'I Do What I Want', 216, 32),
(406, 'Middle Fingers', 215, 32),
(407, 'I Don''t Even Care About You', 235, 32),
(408, 'Bottom Of The Deep Blue Sea', 231, 32),
(409, 'Kamikazee', 221, 32),
(410, 'Kdv', 230, 32),
(411, 'Twisted', 220, 32),
(412, 'Everybody Gets High', 212, 32),
(413, 'I Don''t Give A...', 211, 32),
(414, 'Dwi', 35, 32),
(415, 'Let It Happen', 490, 33),
(416, 'Nangs', 160, 33),
(417, 'The Moment', 266, 33),
(418, 'Yes I''m Changing', 266, 33),
(419, 'Eventually', 422, 33),
(420, 'Gossip', 55, 33),
(421, 'The Less I Know the Better', 322, 33),
(422, 'Past Life', 228, 33),
(423, 'Disciples', 109, 33),
(424, '''Cause I''m a Man', 242, 33),
(425, 'Reality in Motion', 253, 33),
(426, 'Love/Paranoia', 222, 33),
(427, 'New Person, Same Old Mistakes', 578, 33),
(428, 'Be Above It', 201, 34),
(429, 'Endors Toi', 186, 34),
(430, 'Apocalypse Dreams', 541, 34),
(431, 'Mind Mischief', 306, 34),
(432, 'Music to Walk Home By', 312, 34),
(433, 'Why Won''t They Talk to Me?', 286, 34),
(434, 'Feels Like We Only Go Backwards', 232, 34),
(435, 'Keep on Lying', 354, 34),
(436, 'Elephant', 270, 34),
(437, 'She Just Won''t Believe Me', 57, 34),
(438, 'Nothing That Has Happened So Far Has Been Anything We Could ', 361, 34),
(439, 'Sun''s Coming Up', 320, 34),
(440, 'One More Year', 322, 35),
(441, 'Instant Destiny', 193, 35),
(442, 'Borderline', 301, 35),
(443, 'Posthumous Forgiveness', 366, 35),
(444, 'Breathe Deeper', 372, 35),
(445, 'Tomorrow''s Dust', 326, 35),
(446, 'On Track', 302, 35),
(447, 'Lost in Yesterday', 250, 35),
(448, 'Is It True', 239, 35),
(449, 'It Might Be Time', 273, 35),
(450, 'Glimmer', 128, 35),
(451, 'One More Hour', 432, 35),
(452, 'It Is Not Meant to Be', 322, 36),
(453, 'Desire Be Desire Go', 247, 36),
(454, 'Alter Ego', 288, 36),
(455, 'Lucidity', 272, 36),
(456, 'Why Won''t You Make Up Your Mind?', 283, 36),
(457, 'Solitude Is Bliss', 236, 36),
(458, 'Jeremy''s Storm', 328, 36),
(459, 'Expectation', 363, 36),
(460, 'The Bold Arrow of Time', 265, 36),
(461, 'Runway, Houses, City, Clouds', 435, 36),
(462, 'I Don''t Really Mind', 228, 36),
(463, 'Desire Be Desire Go', 247, 37),
(464, 'Skeleton Tiger', 265, 37),
(465, 'Half Full Glass of Wine', 266, 37),
(466, '41 Mosquitoes Flying In Formation', 258, 37),
(467, 'Slide Through My Fingers', 201, 37),
(468, 'Wander', 313, 37),
(469, 'Come Together - Remastered 2009', 259, 38),
(470, 'Something - Remastered 2009', 183, 38),
(471, 'Maxwell''s Silver Hammer - Remastered 2009', 207, 38),
(472, 'Oh! Darling - Remastered 2009', 207, 38),
(473, 'Octopus''s Garden - Remastered 2009', 172, 38),
(474, 'I Want You (She''s So Heavy) - Remastered 2009', 467, 38),
(475, 'Here Comes the Sun - Remastered 2009', 185, 38),
(476, 'Because - Remastered 2009', 165, 38),
(477, 'You Never Give Me Your Money - Remastered 2009', 242, 38),
(478, 'Sun King - Remastered 2009', 146, 38),
(479, 'Mean Mr Mustard - Remastered 2009', 66, 38),
(480, 'Polythene Pam - Remastered 2009', 72, 38),
(481, 'She Came in Through the Bathroom Window', 118, 38),
(482, 'Golden Slumbers - Remastered 2009', 91, 38),
(483, 'Carry That Weight - Remastered 2009', 96, 38),
(484, 'The End - Remastered 2009', 141, 38),
(485, 'Her Majesty - Remastered 2009', 25, 38),
(486, 'Come Together', 256, 39),
(487, 'Something', 177, 39),
(488, 'Maxwell''s Silver Hammer', 207, 39),
(489, 'Oh! Darling', 207, 39),
(490, 'Octopus''s Garden', 170, 39),
(491, 'I Want You (She''s So Heavy)', 467, 39),
(492, 'Here Comes the Sun', 184, 39),
(493, 'Because', 166, 39),
(494, 'You Never Give Me Your Money', 242, 39),
(495, 'Sun King', 146, 39),
(496, 'Mean Mr. Mustard', 66, 39),
(497, 'Polythene Pam', 73, 39),
(498, 'She Came in Through the Bathroom Window', 118, 39),
(499, 'Golden Slumbers', 92, 39),
(500, 'Carry That Weight', 97, 39),
(501, 'The End', 140, 39),
(502, 'Her Majesty', 23, 39),
(503, 'Sgt. Pepper''s Lonely Hearts Club Band', 123, 40),
(504, 'With a Little Help From My Friends', 166, 40),
(505, 'Lucy in the Sky With Diamonds', 206, 40),
(506, 'Getting Better', 189, 40),
(507, 'Fixing a Hole', 162, 40),
(508, 'She''s Leaving Home', 216, 40),
(509, 'Being For The Benefit Of Mr. Kite !', 155, 40),
(510, 'Within You Without You', 171, 40),
(511, 'Lovely Rita', 175, 40),
(512, 'Sgt. Pepper''s Lonely Hearts Club Band (Reprise)', 123, 40),
(513, 'A Day in the Life', 307, 40),
(514, 'Taxman', 156, 41),
(515, 'Eleanor Rigby', 124, 41),
(516, 'Here, There and Everywhere', 141, 41),
(517, 'Yellow Submarine', 157, 41),
(518, 'Good Day Sunshine', 130, 41),
(519, 'And Your Bird Can Sing', 121, 41),
(520, 'For No One', 117, 41),
(521, 'Got to Get You Into My Life', 151, 41),
(522, 'Back in the U.S.S.R. - Remastered 2009', 163, 42),
(523, 'Dear Prudence - Remastered 2009', 235, 42),
(524, 'Glass Onion - Remastered 2009', 137, 42),
(525, 'Ob-La-Di, Ob-La-Da - Remastered 2009', 188, 42),
(526, 'Wild Honey Pie - Remastered 2009', 52, 42),
(527, 'The Continuing Story of Bungalow Bill - Remastered 2009', 194, 42),
(528, 'While My Guitar Gently Weeps - Remastered 2009', 285, 42),
(529, 'Happiness Is a Warm Gun - Remastered 2009', 164, 42),
(530, 'Martha My Dear - Remastered 2009', 148, 42),
(531, 'I''m So Tired - Remastered 2009', 123, 42),
(532, 'Blackbird - Remastered 2009', 138, 42),
(533, 'Piggies - Remastered 2009', 124, 42),
(534, 'Rocky Raccoon - Remastered 2009', 213, 42),
(535, 'Don''t Pass Me By - Remastered 2009', 230, 42),
(536, 'Why Don''t We Do It in the Road? - Remastered 2009', 101, 42),
(537, 'I Will - Remastered 2009', 105, 42),
(538, 'Julia - Remastered 2009', 176, 42),
(539, 'Birthday - Remastered 2009', 163, 42),
(540, 'Yer Blues - Remastered 2009', 240, 42),
(541, 'Mother Nature''s Son - Remastered 2009', 168, 42),
(542, 'Everybody''s Got Something to Hide Except Me and My Monkey -', 144, 42),
(543, 'Sexy Sadie - Remastered 2009', 195, 42),
(544, 'Helter Skelter - Remastered 2009', 269, 42),
(545, 'Long, Long, Long - Remastered 2009', 186, 42),
(546, 'Revolution 1 - Remastered 2009', 255, 42),
(547, 'Honey Pie - Remastered 2009', 161, 42),
(548, 'Savoy Truffle - Remastered 2009', 174, 42),
(549, 'Cry Baby Cry - Remastered 2009', 182, 42),
(550, 'Revolution 9 - Remastered 2009', 502, 42),
(551, 'Good Night - Remastered 2009', 193, 42),
(552, 'Love Me Do - Mono / Remastered 2015', 140, 43),
(553, 'From Me To You - Mono / Remastered 2015', 116, 43),
(554, 'She Loves You - Mono / Remastered 2015', 140, 43),
(555, 'I Want To Hold Your Hand - Remastered 2015', 145, 43),
(556, 'Can''t Buy Me Love - Remastered 2015', 131, 43),
(557, 'A Hard Day''s Night - Remastered 2015', 152, 43),
(558, 'I Feel Fine - Remastered 2015', 139, 43),
(559, 'Eight Days A Week - Remastered 2015', 163, 43),
(560, 'Ticket To Ride - Remastered 2015', 190, 43),
(561, 'Help! - Remastered 2015', 139, 43),
(562, 'Yesterday - Remastered 2015', 125, 43),
(563, 'Day Tripper - Remastered 2015', 169, 43),
(564, 'We Can Work It Out - Remastered 2015', 135, 43),
(565, 'Paperback Writer - Remastered 2015', 138, 43),
(566, 'Yellow Submarine - Remastered 2015', 158, 43),
(567, 'Eleanor Rigby - Remastered 2015', 125, 43),
(568, 'Penny Lane - Remastered 2015', 180, 43),
(569, 'All You Need Is Love - Remastered 2015', 227, 43),
(570, 'Hello, Goodbye - Remastered 2015', 207, 43),
(571, 'Lady Madonna - Remastered 2015', 136, 43),
(572, 'Hey Jude - Remastered 2015', 425, 43),
(573, 'Get Back - Remastered 2015', 191, 43),
(574, 'The Ballad Of John And Yoko - Remastered 2015', 179, 43),
(575, 'Something - Remastered 2015', 181, 43),
(576, 'Come Together - Remastered 2015', 258, 43),
(577, 'Let It Be - Remastered 2015', 230, 43),
(578, 'The Long And Winding Road - Remastered 2015', 219, 43),
(579, 'Drive My Car', 145, 44),
(580, 'Norwegian Wood (This Bird Has Flown)', 125, 44),
(581, 'You Won''t See Me', 201, 44),
(582, 'Nowhere Man', 129, 44),
(583, 'Michelle', 160, 44),
(584, 'Girl', 150, 44),
(585, 'In My Life', 147, 44),
(586, 'Wait', 137, 44),
(587, 'If I Needed Someone', 149, 44),
(588, 'Run for Your Life', 139, 44),
(589, 'Showdown', 327, 45),
(590, 'Different', 352, 45),
(591, 'Propane Nightmares', 313, 45),
(592, 'Midnight Runner', 415, 45),
(593, 'The Other Side', 327, 45),
(594, 'Mutiny', 310, 45),
(595, '9,000 Miles', 386, 45),
(596, 'Granite', 500, 45),
(597, 'The Tempest', 447, 45),
(598, 'Prelude', 53, 46),
(599, 'Slam', 345, 46),
(600, 'Fasten Your Seatbelt (feat. The Freestylers)', 398, 46),
(601, 'Through the Loop', 374, 46),
(602, 'Sounds of Life (feat. Jasmine Yee)', 321, 46),
(603, 'Tarantula (feat. Fresh, $pyda & Tenor Fly)', 331, 46),
(604, 'Out Here', 367, 46),
(605, 'The Terminal', 125, 46),
(606, 'Streamline', 324, 46),
(607, 'Blood Sugar', 312, 46),
(608, 'Axle Grinder', 249, 46),
(609, 'Genesis', 69, 47),
(610, 'Salt in the Wounds', 399, 47),
(611, 'Set Me On Fire', 302, 47),
(612, 'Crush', 253, 47),
(613, 'Under the Waves', 295, 47),
(614, 'The Island - Pt. I (Dawn)', 320, 47),
(615, 'The Island - Pt. II', 249, 47),
(616, 'Comprachicos', 168, 47),
(617, 'The Vulture', 243, 47),
(618, 'Encoder', 321, 47),
(619, 'Watercolour (Radio Edit)', 207, 48),
(620, 'Watercolour (Album Version)', 302, 48),
(621, 'Intro [Live At Brixton Academy]', 117, 49),
(622, 'Showdown (Live at Brixton Academy)', 458, 49),
(623, 'Fasten Your Seatbelts [Live At Brixton Academy]', 350, 49),
(624, 'Another Planet [Live At Brixton Academy]', 266, 49),
(625, 'Voodoo People [Pendulum Remix] [Live At Brixton Academy]', 288, 49),
(626, 'Propane Nightmares [Live At Brixton Academy]', 364, 49),
(627, 'Blood Sugar [Live At Brixton Academy]', 316, 49),
(628, 'The Other Side [Live At Brixton Academy]', 327, 49),
(629, 'Different [Live At Brixton Academy]', 357, 49),
(630, 'Master Of Puppets [Live At Brixton Academy]', 94, 49),
(631, 'Slam [Live At Brixton Academy]', 259, 49),
(632, 'Hold Your Colour [Live At Brixton Academy]', 433, 49),
(633, 'Countdown [Live At Brixton Academy]', 139, 49),
(634, 'Tarantula [Live At Brixton Academy]', 298, 49),
(635, 'Granite [Live At Brixton Academy]', 296, 49),
(636, 'The Tempest [Live At Brixton Academy]', 499, 49),
(637, 'The View from the Afternoon', 218, 50),
(638, 'I Bet You Look Good on the Dancefloor', 173, 50),
(639, 'Fake Tales of San Francisco', 177, 50),
(640, 'Dancing Shoes', 141, 50),
(641, 'You Probably Couldn''t See for the Lights but You Were Stari', 130, 50),
(642, 'Still Take You Home', 173, 50),
(643, 'Riot Van', 134, 50),
(644, 'Red Light Indicates Doors Are Secured', 143, 50),
(645, 'Mardy Bum', 175, 50),
(646, 'Perhaps Vampires Is a Bit Strong But...', 268, 50),
(647, 'When the Sun Goes Down', 200, 50),
(648, 'From the Ritz to the Rubble', 193, 50),
(649, 'A Certain Romance', 331, 50),
(650, 'Brianstorm', 170, 51),
(651, 'Teddy Picker', 163, 51),
(652, 'D Is for Dangerous', 136, 51),
(653, 'Balaclava', 169, 51),
(654, 'Fluorescent Adolescent', 172, 51),
(655, 'Only Ones Who Know', 182, 51),
(656, 'Do Me a Favour', 207, 51),
(657, 'This House Is a Circus', 189, 51),
(658, 'If You Were There, Beware', 274, 51),
(659, 'The Bad Thing', 143, 51),
(660, 'Old Yellow Bricks', 191, 51),
(661, '505', 250, 51),
(662, 'Do I Wanna Know?', 272, 52),
(663, 'One for the Road', 206, 52),
(664, 'Arabella', 278, 52),
(665, 'I Want It All', 184, 52),
(666, 'No. 1 Party Anthem', 243, 52),
(667, 'Mad Sounds', 215, 52),
(668, 'Fireside', 181, 52),
(669, 'Why''d You Only Call Me When You''re High?', 162, 52),
(670, 'Snap Out of It', 193, 52),
(671, 'Knee Socks', 258, 52),
(672, 'I Wanna Be Yours', 184, 52),
(673, 'Cornerstone', 195, 53),
(674, 'The Hellcat Spangled Shalalala', 180, 54),
(675, 'Reckless Serenade', 163, 54),
(676, 'Brianstorm', 170, 55),
(677, 'Teddy Picker', 163, 55),
(678, 'D Is for Dangerous', 136, 55),
(679, 'Balaclava', 169, 55),
(680, 'Fluorescent Adolescent', 172, 55),
(681, 'Only Ones Who Know', 182, 55),
(682, 'Do Me a Favour', 207, 55),
(683, 'This House Is a Circus', 189, 55),
(684, 'If You Were There, Beware', 274, 55),
(685, 'The Bad Thing', 143, 55),
(686, 'Old Yellow Bricks', 191, 55),
(687, '505', 250, 55),
(688, 'Leave Before the Lights Come On', 225, 56),
(689, 'Put Your Dukes Up John', 181, 56),
(690, 'Smells Like Teen Spirit', 280, 57),
(691, 'In Bloom', 252, 57),
(692, 'Come as You Are', 253, 57),
(693, 'Breed', 192, 57),
(694, 'Lithium', 281, 57),
(695, 'Polly', 196, 57),
(696, 'Territorial Pissings', 385, 57),
(697, 'Drain You', 213, 57),
(698, 'Lounge Act', 156, 57),
(699, 'Stay Away', 217, 57),
(700, 'On a Plain', 224, 57),
(701, 'Something in the Way / Endless, Nameless', 662, 57),
(702, 'About a Girl', 218, 58),
(703, 'Come as You Are', 253, 58),
(704, 'Jesus Doesn''t Want Me For A Sunbeam', 260, 58),
(705, 'The Man Who Sold the World', 261, 58),
(706, 'Pennyroyal Tea', 210, 58),
(707, 'Dumb', 172, 58),
(708, 'Polly', 196, 58),
(709, 'On a Plain', 224, 58),
(710, 'Something in the Way', 238, 58),
(711, 'Plateau', 218, 58),
(712, 'Lake of Fire', 175, 58),
(713, 'All Apologies', 263, 58),
(714, 'Where Did You Sleep Last Night', 315, 58),
(715, 'About a Girl', 218, 59),
(716, 'Been A Son (Blew EP Version)', 140, 59),
(717, 'Sliver', 134, 59),
(718, 'Smells Like Teen Spirit', 280, 59),
(719, 'Come as You Are', 253, 59),
(720, 'Lithium', 281, 59),
(721, 'In Bloom - Nevermind Version', 255, 59),
(722, 'Heart-Shaped Box', 259, 59),
(723, 'Pennyroyal Tea - Single Mix', 216, 59),
(724, 'Rape Me', 171, 59),
(725, 'Dumb', 172, 59),
(726, 'All Apologies (MTV Unplugged)', 223, 59),
(727, 'The Man Who Sold the World', 261, 59),
(728, 'Where Did You Sleep Last Night (Live Version)', 302, 59),
(729, 'Serve the Servants', 193, 60),
(730, 'Scentless Apprentice', 221, 60),
(731, 'Heart-Shaped Box', 259, 60),
(732, 'Rape Me', 171, 60),
(733, 'Frances Farmer Will Have Her Revenge on Seattle', 273, 60),
(734, 'Dumb', 172, 60),
(735, 'Very Ape', 138, 60),
(736, 'Milk It', 230, 60),
(737, 'Pennyroyal Tea', 210, 60),
(738, 'Radio Friendly Unit Shifter', 235, 60),
(739, 'All Apologies', 263, 60),
(740, 'Smells Like Teen Spirit', 280, 61),
(741, 'In Bloom - Nevermind Version', 255, 61),
(742, 'Come as You Are', 253, 61),
(743, 'Breed', 192, 61),
(744, 'Lithium', 281, 61),
(745, 'Polly', 196, 61),
(746, 'Territorial Pissings', 385, 61),
(747, 'Drain You', 213, 61),
(748, 'Lounge Act', 156, 61),
(749, 'Stay Away', 217, 61),
(750, 'On a Plain', 224, 61),
(751, 'Something in the Way', 238, 61),
(752, 'Blew', 191, 62),
(753, 'Floyd the Barber', 141, 62),
(754, 'About a Girl', 218, 62),
(755, 'School', 191, 62),
(756, 'Love Buzz', 216, 62),
(757, 'Paper Cuts', 283, 62),
(758, 'Negative Creep', 188, 62),
(759, 'Scoff', 253, 62),
(760, 'Swap Meet', 224, 62),
(761, 'Mr. Moustache', 224, 62),
(762, 'Big Cheese', 269, 62),
(763, 'Downer', 103, 62),
(764, 'Heavydirtysoul', 221, 63),
(765, 'Stressed Out', 199, 63),
(766, 'Ride', 209, 63),
(767, 'Fairly Local', 207, 63),
(768, 'Lane Boy', 245, 63),
(769, 'The Judge', 298, 63),
(770, 'Doubt', 191, 63),
(771, 'Polarize', 227, 63),
(772, 'We Don''t Believe What''s on TV', 184, 63),
(773, 'Message Man', 240, 63),
(774, 'Hometown', 235, 63),
(775, 'Not Today', 238, 63),
(776, 'Goner', 237, 63),
(777, 'Ode to Sleep', 309, 64),
(778, 'Holding on to You', 198, 64),
(779, 'Migraine', 249, 64),
(780, 'House of Gold', 163, 64),
(781, 'Car Radio', 290, 64),
(782, 'Semi-Automatic', 254, 64),
(783, 'Screen', 235, 64),
(784, 'The Run and Go', 229, 64),
(785, 'Fake You Out', 232, 64),
(786, 'Guns for Hands', 273, 64),
(787, 'Heathens (Standard Version)', 195, 65),
(788, 'Heathens (Score Version)', 225, 65),
(789, 'Heathens (Instrumental)', 195, 65),
(790, 'Heathens (TV Track)', 195, 65),
(791, 'Heathens (Acapella)', 195, 65),
(792, 'Jumpsuit', 237, 66),
(793, 'Chlorine', 191, 66),
(794, 'Neon Gravestones', 240, 66),
(795, 'Legend', 172, 66),
(796, 'Leave the City', 280, 66),
(797, 'Good Day', 204, 67),
(798, 'Choker', 223, 67),
(799, 'Shy Away', 175, 67),
(800, 'The Outside', 216, 67),
(801, 'Saturday', 172, 67),
(802, 'Never Take It', 212, 67),
(803, 'Mulberry Street', 224, 67),
(804, 'Formidable', 176, 67),
(805, 'Bounce Man', 185, 67),
(806, 'No Chances', 226, 67),
(807, 'Redecorate', 245, 67),
(808, 'Implicit Demand for Proof', 291, 68),
(809, 'The Pantaloon', 213, 68),
(810, 'Addict with a Pen', 285, 68),
(811, 'Friend, Please', 252, 68),
(812, 'March to the Sea', 331, 68),
(813, 'Johnny Boy', 278, 68),
(814, 'Oh Ms Believer', 217, 68),
(815, 'Air Catcher', 233, 68),
(816, 'A Car, a Torch, a Death', 273, 68),
(817, 'Taxi Cab', 284, 68),
(818, 'Before You Start Your Day', 233, 68),
(819, 'Isle of Flightless Birds', 345, 68),
(820, 'Level of Concern', 221, 69),
(821, 'Untrust Us', 186, 70),
(822, 'Alice Practice', 161, 70),
(823, 'Crimewave', 258, 70),
(824, 'Magic Spells', 366, 70),
(825, 'xxzxcuzx me', 113, 70),
(826, 'Air War', 252, 70),
(827, 'Courtship Dating', 210, 70),
(828, 'Good Time', 175, 70),
(829, '1991', 113, 70),
(830, 'Vanished', 242, 70),
(831, 'Knights', 193, 70),
(832, 'Love and Caring', 138, 70),
(833, 'Through the Hosiery', 186, 70),
(834, 'Reckless', 208, 70),
(835, 'Black Panther', 177, 70),
(836, 'Tell Me What to Swallow', 133, 70),
(837, 'Trash Hologram', 137, 70),
(838, 'Air War - David Wolf remix', 202, 70),
(839, 'Plague', 295, 71),
(840, 'Kerosene', 192, 71),
(841, 'Wrath of God', 187, 71),
(842, 'Affection', 157, 71),
(843, 'Pale Flesh', 180, 71),
(844, 'Sad Eyes', 207, 71),
(845, 'Insulin', 107, 71),
(846, 'Transgender', 185, 71),
(847, 'Violent Youth', 262, 71),
(848, 'Telepath', 235, 71),
(849, 'Mercenary', 159, 71),
(850, 'Child I Will Hurt You', 213, 71),
(851, 'Baptism', 252, 72),
(852, 'Fainting Spells', 163, 73),
(853, 'Celestica', 230, 73),
(854, 'Doe Deer', 97, 73),
(855, 'Baptism', 252, 73),
(856, 'Year of Silence', 293, 73),
(857, 'Empathy', 251, 73),
(858, 'Suffocation', 242, 73),
(859, 'Violent Dreams', 275, 73),
(860, 'Vietnam', 308, 73),
(861, 'Birds', 150, 73),
(862, 'Pap Smear', 222, 73),
(863, 'Not in Love', 226, 73),
(864, 'Intimate', 285, 73),
(865, 'I Am Made of Chalk', 189, 73),
(866, 'Femen', 153, 74),
(867, 'Fleece', 155, 74),
(868, 'Char', 188, 74),
(869, 'Enth', 209, 74),
(870, 'Sadist', 150, 74),
(871, 'Teach Her How to Hunt', 115, 74),
(872, 'Chloroform', 189, 74),
(873, 'Frail', 169, 74),
(874, 'Concrete', 196, 74),
(875, 'Ornament', 250, 74),
(876, 'Kept', 244, 74),
(877, 'Their Kindness Is Charade', 226, 74),
(878, 'Not in Love', 226, 75),
(879, 'How', 313, 76),
(880, 'Afraid', 250, 76),
(881, 'Everybody''s Watching Me (Uh Oh)', 236, 76),
(882, 'Sweater Weather', 240, 76),
(883, 'Let It Go', 197, 76),
(884, 'Alleyways', 268, 76),
(885, 'W.D.Y.W.F.M?', 253, 76),
(886, 'Flawless', 244, 76),
(887, 'Female Robbery', 209, 76),
(888, 'Staying Up', 266, 76),
(889, 'Float', 261, 76),
(890, 'A Moment of Silence (Album Version)', 30, 77),
(891, 'Prey (Album Version)', 282, 77),
(892, 'Cry Baby (Album Version)', 235, 77),
(893, 'Wiped Out! (Album Version)', 373, 77),
(894, 'The Beach (Album Version)', 255, 77),
(895, 'Daddy Issues (Album Version)', 260, 77),
(896, 'Baby Came Home 2 / Valentines (Album Version)', 390, 77),
(897, 'Greetings from Califournia (Album Version)', 244, 77),
(898, 'Ferrari (Album Version)', 184, 77),
(899, 'Single (Album Version)', 262, 77),
(900, 'R.I.P. 2 My Youth (Album Version)', 204, 77),
(901, 'Softcore', 206, 78),
(902, 'Female Robbery', 209, 79),
(903, 'Leaving Tonight', 204, 79),
(904, 'Baby Came Home', 227, 79),
(905, 'Sweater Weather', 240, 79),
(906, 'Wires', 193, 79),
(907, 'Chip Chrome', 28, 80),
(908, 'Pretty Boy', 234, 80),
(909, 'Lost in Translation', 190, 80),
(910, 'Devil''s Advocate', 186, 80),
(911, 'Hell or High Water', 139, 80),
(912, 'Cherry Flavoured', 208, 80),
(913, 'BooHoo', 191, 80),
(914, 'Silver Lining', 179, 80),
(915, 'Tobacco Sunburst', 296, 80),
(916, 'Middle of Somewhere', 171, 80),
(917, '*NSTYNCT', 281, 81),
(918, 'Lurk', 214, 81),
(919, 'Warm', 357, 81),
(920, 'Jealousy', 267, 81),
(921, '1 Of Those Weaks', 194, 81),
(922, 'Dangerous', 216, 81),
(923, 'YG call', 35, 81),
(924, 'When I Get Back', 221, 81),
(925, 'To', 143, 81),
(926, 'Rain', 89, 81),
(927, '#icanteven', 235, 81),
(928, 'U&I', 210, 81),
(929, 'Givin & Takin', 228, 81),
(930, 'Unfair', 146, 81),
(931, 'Silver', 233, 81),
(932, 'T$RL', 141, 81),
(933, 'Genesis', 234, 82),
(934, 'Let There Be Light', 295, 82),
(935, 'D.A.N.C.E.', 242, 82),
(936, 'Newjack', 216, 82),
(937, 'Phantom', 262, 82),
(938, 'Phantom Pt. II', 200, 82),
(939, 'Valentine', 176, 82),
(940, 'TTHHEE PPAARRTTYY', 243, 82),
(941, 'DVNO', 236, 82),
(942, 'Stress', 298, 82),
(943, 'Waters of Nazareth', 265, 82),
(944, 'One Minute to Midnight', 220, 82),
(945, 'Elephant Skin', 129, 83),
(946, 'Confrontations', 90, 83),
(947, 'Without Face', 111, 83),
(948, 'Light in the Dark', 84, 83),
(949, 'Fish on a Hook', 56, 83),
(950, 'Outside Looking In', 132, 83),
(951, 'Lose Control', 116, 83),
(952, 'Every Inch', 104, 83),
(953, 'Born to Lose', 127, 83),
(954, 'Activate', 107, 83),
(955, 'Peace of Mind', 164, 83),
(956, 'Audio, Video, Disco.', 292, 84),
(957, 'Helix', 271, 84),
(958, 'AUDIO, VIDEO, DISCO. - Para One Remix', 376, 84),
(959, 'AUDIO, VIDEO, DISCO. - Mickey Moonlight Remix', 290, 84),
(960, 'Intro', 38, 85),
(961, 'Genesis', 234, 85),
(962, 'Phantom Part 1', 170, 85),
(963, 'Phantom Part 1.5', 285, 85),
(964, 'D.A.N.C.E.', 242, 85),
(965, 'D.A.N.C.E Part 2', 159, 85),
(966, 'DVNO', 236, 85),
(967, 'Waters Of Nazareth (Prelude)', 134, 85),
(968, 'One Minute to Midnight', 220, 85),
(969, 'tthhee ppaarrttyy [live]', 166, 85),
(970, 'Let There Be Lite', 205, 85),
(971, 'Stress', 298, 85),
(972, 'We Are your Friends (reprise)', 222, 85),
(973, 'Waters of Nazareth', 265, 85),
(974, 'phantom part 2', 594, 85),
(975, 'Encore', 67, 85),
(976, 'Ny Excuse', 373, 85),
(977, 'Final', 175, 85),
(978, 'Genesis', 234, 86),
(979, 'Let There Be Light', 295, 86),
(980, 'D.A.N.C.E.', 242, 86),
(981, 'Newjack', 216, 86),
(982, 'Phantom', 262, 86),
(983, 'Phantom Pt. II', 200, 86),
(984, 'Valentine', 176, 86),
(985, 'TTHHEE PPAARRTTYY', 243, 86),
(986, 'DVNO', 236, 86),
(987, 'Stress', 298, 86),
(988, 'Waters of Nazareth', 265, 86),
(989, 'One Minute to Midnight', 220, 86),
(990, 'Safe And Sound', 452, 87),
(991, 'Pleasure', 256, 87),
(992, 'Alakazam !', 311, 87),
(993, 'Fire', 334, 87),
(994, 'Stop', 297, 87),
(995, 'Chorus', 429, 87),
(996, 'Randy', 398, 87),
(997, 'Heavy Metal', 271, 87),
(998, 'Love S.O.S', 304, 87),
(999, 'Close Call', 308, 87),
(1000, 'Bring Mich', 122, 88),
(1001, 'Trink und Fick', 227, 88),
(1002, 'Zolo', 173, 88);

insert into compilation (compilation_id, compilation_name, compilation_year)
values 
(1, '2013 rock compilation', 2013),
(2, '2020 rock compilation', 2020),
(3, '2020 pop compilation', 2020),
(4, 'Psychedelic genres v1', 2015),
(5, 'Psychedelic genres v2', 2020),
(6, 'collection of tracks starting with the letter A', 2020),
(7, 'one word tracks', 2018),
(8, 'tracks of the past decade', 2010);

insert into compilation_track (compilation_id, track_id)
values 
(1, 428),
(1, 429),
(1, 430),
(1, 431),
(1, 432),
(1, 433),
(1, 434),
(1, 435),
(1, 436),
(1, 437),
(1, 438),
(1, 439),
(1, 514),
(1, 515),
(1, 516),
(1, 517),
(1, 518),
(1, 519),
(1, 520),
(1, 521),
(1, 688),
(1, 689),
(1, 902),
(1, 903),
(1, 904),
(1, 905),
(1, 906),
(2, 440),
(2, 441),
(2, 442),
(2, 443),
(2, 444),
(2, 445),
(2, 446),
(2, 447),
(2, 448),
(2, 449),
(2, 450),
(2, 451),
(2, 917),
(2, 918),
(2, 919),
(2, 920),
(2, 921),
(2, 922),
(2, 923),
(2, 924),
(2, 925),
(2, 926),
(2, 927),
(2, 928),
(2, 929),
(2, 930),
(2, 931),
(2, 932),
(3, 820),
(3, 917),
(3, 918),
(3, 919),
(3, 920),
(3, 921),
(3, 922),
(3, 923),
(3, 924),
(3, 925),
(3, 926),
(3, 927),
(3, 928),
(3, 929),
(3, 930),
(3, 931),
(3, 932),
(4, 209),
(4, 184),
(4, 179),
(4, 229),
(4, 225),
(4, 181),
(4, 205),
(4, 466),
(4, 190),
(4, 201),
(4, 438),
(4, 162),
(4, 216),
(4, 174),
(4, 431),
(4, 433),
(4, 213),
(4, 220),
(4, 170),
(4, 192),
(4, 176),
(4, 169),
(4, 168),
(4, 163),
(4, 223),
(4, 219),
(4, 436),
(4, 175),
(4, 180),
(4, 467),
(4, 221),
(4, 464),
(4, 430),
(4, 437),
(4, 167),
(4, 158),
(4, 197),
(4, 195),
(4, 207),
(4, 199),
(4, 227),
(4, 194),
(4, 173),
(4, 200),
(4, 166),
(4, 463),
(4, 189),
(4, 161),
(4, 188),
(4, 439),
(4, 206),
(4, 428),
(4, 224),
(4, 157),
(4, 214),
(4, 202),
(4, 222),
(4, 196),
(4, 183),
(4, 226),
(4, 210),
(4, 193),
(4, 187),
(4, 164),
(4, 208),
(4, 191),
(4, 429),
(4, 217),
(4, 160),
(4, 159),
(4, 172),
(4, 432),
(4, 218),
(4, 186),
(4, 468),
(4, 434),
(4, 211),
(4, 198),
(4, 212),
(4, 177),
(4, 182),
(4, 204),
(4, 465),
(4, 185),
(4, 215),
(4, 171),
(4, 178),
(4, 165),
(4, 435),
(4, 203),
(4, 228),
(5, 440),
(5, 441),
(5, 442),
(5, 443),
(5, 444),
(5, 445),
(5, 446),
(5, 447),
(5, 448),
(5, 449),
(5, 450),
(5, 451),
(6, 715),
(6, 726),
(6, 624),
(6, 239),
(6, 713),
(6, 376),
(6, 157),
(6, 382),
(6, 378),
(6, 107),
(6, 169),
(6, 159),
(6, 519),
(6, 430),
(6, 109),
(6, 754),
(6, 608),
(6, 702),
(6, 243),
(6, 261),
(7, 867),
(7, 190),
(7, 858),
(7, 874),
(7, 176),
(7, 169),
(7, 855),
(7, 436),
(7, 971),
(7, 870),
(7, 197),
(7, 493),
(7, 711),
(7, 707),
(7, 961),
(7, 759),
(7, 875),
(7, 876),
(7, 161),
(7, 121),
(7, 188),
(7, 240),
(7, 717),
(7, 755),
(7, 650),
(7, 187),
(7, 244),
(7, 468),
(7, 599),
(7, 960),
(7, 171),
(7, 866),
(7, 175),
(7, 596),
(7, 661),
(7, 873),
(7, 133),
(7, 609),
(7, 487),
(7, 128),
(7, 906),
(7, 142),
(7, 872),
(7, 377),
(7, 217),
(7, 186),
(7, 857),
(7, 177),
(7, 182),
(7, 779),
(7, 977),
(7, 178),
(7, 129),
(7, 708),
(7, 370),
(7, 1002),
(7, 861),
(7, 162),
(7, 853),
(7, 378),
(7, 514),
(7, 170),
(7, 101),
(7, 782),
(7, 589),
(7, 583),
(7, 127),
(7, 124),
(7, 964),
(7, 590),
(7, 763),
(7, 860),
(7, 95),
(7, 172),
(7, 725),
(7, 131),
(7, 198),
(7, 584),
(7, 720),
(7, 616),
(7, 868),
(7, 225),
(7, 245),
(7, 174),
(7, 783),
(7, 134),
(7, 144),
(7, 598),
(7, 975),
(7, 752),
(7, 594),
(7, 99),
(7, 586),
(7, 157),
(7, 606),
(7, 618),
(7, 140),
(7, 139),
(7, 869),
(7, 966),
(7, 864),
(7, 653),
(7, 130),
(7, 612),
(8, 116),
(8, 652),
(8, 582),
(8, 660),
(8, 589),
(8, 583),
(8, 117),
(8, 590),
(8, 659),
(8, 119),
(8, 658),
(8, 587),
(8, 650),
(8, 120),
(8, 592),
(8, 579),
(8, 584),
(8, 596),
(8, 581),
(8, 661),
(8, 594),
(8, 118),
(8, 595),
(8, 588),
(8, 655),
(8, 591),
(8, 586),
(8, 651),
(8, 656),
(8, 597),
(8, 593),
(8, 657),
(8, 654),
(8, 580),
(8, 653),
(8, 585);
